,Unnamed: 0,Coast,Dogs not allowed,Established campsites,Fall foilage,Good for kids,Lakes,Mountain views,Old growth,Ridges/passes,Rivers,Summits,Waterfalls,Wildflowers/Meadows,Wildlife,elevation_gain,highest_point,hike_name,lat,long,numReports,number_votes,url,which_pass,super_region,sub_region,total_distance,stars
24,24,0,0,0,0,0,1,1,0,0,0,1,0,0,0,3500.0,4301.0,Mount Rose,47.4956,-123.2676,270,24.0,https://www.wta.org/go-hiking/hikes/mount-rose,None,Olympic Peninsula, Hood Canal,6.4,3.67
28,28,0,0,1,0,1,0,0,1,0,1,0,0,0,0,600.0,3100.0,Upper Dungeness River,47.8776,-123.1369,46,3.0,https://www.wta.org/go-hiking/hikes/upper-dungeness-river,Northwest Forest Pass,Olympic Peninsula, Hood Canal,6.8,4.67
31,31,0,1,0,0,1,0,0,0,0,0,0,0,0,1,50.0,50.0,Mary E. Theler Wetlands Nature Preserve,47.4381,-122.8366,21,11.0,https://www.wta.org/go-hiking/hikes/mary-e-theler-wetlands-nature-preserve,,Olympic Peninsula, Kitsap Peninsula,3.5,3.09
32,32,1,1,0,0,1,0,1,1,0,1,0,0,0,1,360.0,360.0,Guillemot Cove,47.61600000000001,-122.9085,53,14.0,https://www.wta.org/go-hiking/hikes/guillemot-cove,None,Olympic Peninsula, Kitsap Peninsula,2.5,4.07
33,33,1,0,0,0,1,0,1,1,0,0,0,0,1,1,25.0,25.0,Kopachuck State Park Trail,47.3085,-122.6807,9,2.0,https://www.wta.org/go-hiking/hikes/kopachuck-state-park-trail,Discover Pass,Olympic Peninsula, Kitsap Peninsula,1.0,3.5
52,52,1,1,0,0,1,0,1,0,0,0,0,0,0,1,130.0,130.0,Dungeness Spit,48.1413,-123.1899,131,21.0,https://www.wta.org/go-hiking/hikes/dungeness-national-wildlife-refuge,Refuge Entrance Pass,Olympic Peninsula, Northern Coast,11.0,3.48
54,54,0,0,1,0,0,0,1,1,0,1,0,0,0,0,850.0,1850.0,Big Creek,47.4933,-123.211,189,26.0,https://www.wta.org/go-hiking/hikes/big-creek,Northwest Forest Pass,Olympic Peninsula, Hood Canal,4.3,3.92
55,55,0,0,0,0,0,0,1,0,0,0,1,0,1,1,2000.0,2804.0,Mount Walker,47.7756,-122.9137,235,20.0,https://www.wta.org/go-hiking/hikes/mount-walker,None,Olympic Peninsula, Hood Canal,4.0,3.2
191,191,1,0,0,0,1,0,0,0,0,0,0,0,0,0,150.0,200.0,Burfoot Park,47.1325,-122.9017,7,5.0,https://www.wta.org/go-hiking/hikes/burfoot-park,,Olympic Peninsula, Olympia,3.0,3.0
224,224,1,1,1,0,0,0,0,0,0,0,0,0,0,1,100.0,350.0,Cape Alava Loop (Ozette Triangle),48.1536,-124.6679,242,43.0,https://www.wta.org/go-hiking/hikes/lake-ozette,National Park Pass,Olympic Peninsula, Pacific Coast,9.4,4.14
243,243,0,1,1,0,1,0,1,1,0,1,0,0,0,1,300.0,800.0,Hoh River Trail to Five Mile Island,47.8597,-123.9337,163,20.0,https://www.wta.org/go-hiking/hikes/hoh-river,National Park Pass,Olympic Peninsula, Pacific Coast,10.6,3.6
244,244,0,1,1,0,0,1,1,1,0,0,0,1,1,1,3900.0,4600.0,Upper Lena Lake,47.6009,-123.1456,168,21.0,https://www.wta.org/go-hiking/hikes/upper-lena-lake,Northwest Forest Pass,Olympic Peninsula, Hood Canal,14.0,4.19
245,245,0,0,0,0,1,1,1,0,0,0,0,0,0,0,250.0,700.0,Spruce Railroad Trail,48.0933,-123.8025,98,23.0,https://www.wta.org/go-hiking/hikes/spruce-railroad,None,Olympic Peninsula, Northern Coast,8.0,4.0
246,246,0,0,1,0,1,0,0,1,0,1,0,0,1,0,800.0,1500.0,Lower Gray Wolf River,47.967,-123.1274,183,17.0,https://www.wta.org/go-hiking/hikes/gray-wolf-river,None,Olympic Peninsula, Hood Canal,8.4,3.76
247,247,0,0,0,0,0,0,1,1,0,0,1,1,1,0,3010.0,6260.0,Mount Townsend,47.8564,-123.0359,551,39.0,https://www.wta.org/go-hiking/hikes/mount-townsend,None,Olympic Peninsula, Hood Canal,8.0,4.1
248,248,0,0,1,0,1,1,1,1,0,0,0,1,1,0,1300.0,2000.0,Lena Lake,47.5997,-123.1512,604,59.0,https://www.wta.org/go-hiking/hikes/lena-lake,Northwest Forest Pass,Olympic Peninsula, Hood Canal,7.2,4.14
249,249,1,1,1,0,1,0,0,0,0,1,0,0,0,0,200.0,200.0,Shi Shi Beach and Point of the Arches,48.2937,-124.6651,242,56.0,https://www.wta.org/go-hiking/hikes/north-shi-shi-access,,Olympic Peninsula, Pacific Coast,8.0,4.39
250,250,0,0,0,0,0,0,1,1,1,0,1,0,1,1,3300.0,5944.0,Mount Ellinor,47.5066,-123.2321,664,78.0,https://www.wta.org/go-hiking/hikes/mount-ellinor,Northwest Forest Pass,Olympic Peninsula, Hood Canal,6.2,4.49
251,251,0,0,1,0,1,0,1,1,1,1,0,1,1,1,3489.0,6000.0,Marmot Pass - Upper Big Quilcene,47.8278,-123.0408,475,51.0,https://www.wta.org/go-hiking/hikes/marmot-pass-upper-big-quilcene,Northwest Forest Pass,Olympic Peninsula, Hood Canal,11.5,4.33
275,275,0,0,1,0,0,0,1,0,0,0,1,0,0,0,1000.0,1639.0,Green Mountain - Gold Creek Trail,47.5517,-122.8266,152,23.0,https://www.wta.org/go-hiking/hikes/green-mountain-1,Discover Pass,Olympic Peninsula, Kitsap Peninsula,5.0,3.61
276,276,0,0,0,0,0,0,0,0,1,1,0,0,0,0,2700.0,2500.0,Notch Pass,47.8262,-122.9389,72,8.0,https://www.wta.org/go-hiking/hikes/notch-pass,None,Olympic Peninsula, Hood Canal,8.6,4.0
278,278,0,0,0,0,1,1,0,1,0,1,0,0,0,1,250.0,350.0,Newberry Hill Heritage Park,47.6345,-122.7548,21,4.0,https://www.wta.org/go-hiking/hikes/newberry-hill-heritage-park,None,Olympic Peninsula, Kitsap Peninsula,13.0,4.0
315,315,0,0,0,0,1,0,0,1,0,1,0,1,0,0,500.0,1100.0,Marymere Falls,48.0578,-123.7884,100,22.0,https://www.wta.org/go-hiking/hikes/marymere-falls,National Park Pass,Olympic Peninsula, Northern Coast,1.8,3.77
324,324,0,1,0,0,0,1,1,1,0,1,0,1,1,1,3700.0,4300.0,Hoh River Trail to Blue Glacier,47.8595,-123.9344,33,1.0,https://www.wta.org/go-hiking/hikes/hoh-river-blue-glacier,National Park Pass,Olympic Peninsula, Pacific Coast,37.0,5.0
327,327,0,0,1,0,0,0,0,1,0,1,0,0,1,0,800.0,2000.0,Lower Big Quilcene River,47.7835,-122.9651,143,7.0,https://www.wta.org/go-hiking/hikes/lower-big-quilcene-river,Northwest Forest Pass,Olympic Peninsula, Hood Canal,10.2,3.57
338,338,1,1,1,0,1,0,0,1,0,0,0,0,0,1,310.0,220.0,Second Beach,47.8982,-124.6238,81,25.0,https://www.wta.org/go-hiking/hikes/second-beach,None,Olympic Peninsula, Pacific Coast,4.0,4.32
349,349,0,1,1,0,0,0,0,1,0,1,0,0,0,0,600.0,2084.0,Olympic Hot Springs,47.9775,-123.6925,64,11.0,https://www.wta.org/go-hiking/hikes/olympic-hot-springs,National Park Pass,Olympic Peninsula, Northern Coast,4.8,3.55
365,365,1,0,0,0,1,0,1,1,0,0,0,0,0,1,150.0,200.0,Priest Point Park,47.0697,-122.8943,18,8.0,https://www.wta.org/go-hiking/hikes/priest-point-park,None,Olympic Peninsula, Olympia,5.0,3.25
368,368,0,0,0,0,0,0,1,0,0,0,0,0,0,1,2800.0,3200.0,Griff Creek,48.0166,-123.5901,13,6.0,https://www.wta.org/go-hiking/hikes/griff-creek,,Olympic Peninsula, Northern Coast,5.6,4.0
373,373,0,1,1,0,0,1,0,0,0,0,0,0,0,0,2350.0,4196.0,Lake Angeles,48.0391,-123.4319,97,11.0,https://www.wta.org/go-hiking/hikes/lake-angeles,,Olympic Peninsula, Northern Coast,7.4,3.27
385,385,1,0,0,0,1,0,0,0,0,0,0,0,0,1,200.0,250.0,Cape Flattery,48.3844,-124.7157,115,34.0,https://www.wta.org/go-hiking/hikes/cape-flattery,,Olympic Peninsula, Pacific Coast,1.5,4.18
398,398,1,1,1,0,0,0,0,0,0,1,0,1,0,1,250.0,250.0,South Coast Wilderness Trail - Toleak Point,47.8904,-124.6031,78,14.0,https://www.wta.org/go-hiking/hikes/toleak-point,None,Olympic Peninsula, Pacific Coast,34.0,4.14
405,405,0,0,0,0,1,0,0,1,0,1,0,0,0,1,150.0,300.0,Watershed Park,47.0285,-122.8891,11,5.0,https://www.wta.org/go-hiking/hikes/watershed-park,None,Olympic Peninsula, Olympia,1.36,3.8
427,427,0,0,1,0,1,1,0,1,0,0,0,0,1,0,105.0,395.0,Millersylvania State Park,46.9113,-122.9113,43,15.0,https://www.wta.org/go-hiking/hikes/millersylvania-state-park,Discover Pass,Olympic Peninsula, Olympia,6.0,3.8
437,437,0,0,0,0,0,0,0,1,0,0,0,1,0,0,200.0,1000.0,Spoon Creek Falls,47.3538,-123.5652,11,4.0,https://www.wta.org/go-hiking/hikes/spoon-creek-falls,,Olympic Peninsula, Olympia,0.8,3.0
450,450,0,1,0,0,1,0,0,1,0,0,0,0,0,0,100.0,600.0,Hall of Mosses,47.8536,-123.9512,43,13.0,https://www.wta.org/go-hiking/hikes/hall-of-mosses,National Park Pass,Olympic Peninsula, Pacific Coast,0.8,4.23
451,451,0,0,0,0,0,1,0,0,0,0,0,0,0,0,1100.0,950.0,Wynoochee Lake,47.4084,-123.5852,29,8.0,https://www.wta.org/go-hiking/hikes/wynoochee-lake,None,Olympic Peninsula, Olympia,12.0,2.88
453,453,0,0,1,0,0,1,1,1,0,0,1,0,0,0,6050.0,6866.0,The Brothers,47.5997,-123.1512,97,5.0,https://www.wta.org/go-hiking/hikes/the-brothers,Northwest Forest Pass,Olympic Peninsula, Hood Canal,13.2,3.4
455,455,0,0,1,0,0,0,1,0,0,1,0,1,0,1,800.0,900.0,Lower South Fork Skokomish River,47.419,-123.3297,167,9.0,https://www.wta.org/go-hiking/hikes/lower-south-fork-skokomish-river,Northwest Forest Pass,Olympic Peninsula, Olympia,8.5,3.22
457,457,0,1,1,0,0,1,1,0,1,0,1,0,1,0,3150.0,4650.0,Six Ridge,47.4794,-123.4521,15,5.0,https://www.wta.org/go-hiking/hikes/six-ridge,National Park Pass,Olympic Peninsula, Hood Canal,21.1,3.4
467,467,0,1,1,0,0,1,1,0,0,0,0,0,1,1,4400.0,5280.0,Happy Lake Ridge,47.9776,-123.693,28,4.0,https://www.wta.org/go-hiking/hikes/happy-lake-ridge,National Park Pass,Olympic Peninsula, Northern Coast,18.0,2.75
469,469,0,0,0,0,0,0,0,1,0,1,0,0,0,0,1000.0,2500.0,Lower Dungeness River,47.9307,-123.0946,47,7.0,https://www.wta.org/go-hiking/hikes/lower-dungeness-river,None,Olympic Peninsula, Hood Canal,12.6,3.57
470,470,0,0,1,0,0,0,1,1,0,0,1,0,0,1,4292.0,4492.0,Colonel Bob Trail - Colonel Bob Peak,47.4974,-123.7932,29,0.0,https://www.wta.org/go-hiking/hikes/colonel-bob-trail-colonel-bob-peak,None,Olympic Peninsula, Pacific Coast,14.0,0.0
471,471,0,1,1,0,0,1,1,1,0,0,0,0,1,0,2480.0,4300.0,Boulder Lake (Olympics),47.9775,-123.6861,22,5.0,https://www.wta.org/go-hiking/hikes/boulder-lake-1,National Park Pass,Olympic Peninsula, Northern Coast,10.2,3.0
474,474,0,1,0,0,0,0,0,1,0,1,0,1,0,0,3300.0,5090.0,Barnes Creek,48.0578,-123.7884,19,6.0,https://www.wta.org/go-hiking/hikes/barnes-creek,National Park Pass,Olympic Peninsula, Northern Coast,10.0,3.33
475,475,0,1,1,0,0,0,1,1,1,0,0,1,1,0,3230.0,5050.0,Appleton Pass,47.9868,-123.6519,34,5.0,https://www.wta.org/go-hiking/hikes/appleton-pass,National Park Pass,Olympic Peninsula, Northern Coast,15.4,3.4
489,489,0,0,0,0,0,0,1,1,0,1,0,0,1,1,2300.0,1750.0,Duckabush River,47.6845,-123.0595,352,24.0,https://www.wta.org/go-hiking/hikes/duckabush-river,Northwest Forest Pass,Olympic Peninsula, Hood Canal,10.6,3.54
491,491,0,0,0,0,1,0,0,1,0,0,0,0,0,0,80.0,100.0,Big Cedar Tree - Quinault,47.478,-123.9034,4,2.0,https://www.wta.org/go-hiking/hikes/big-cedar-tree,None,Olympic Peninsula, Olympia,0.5,4.0
492,492,0,0,0,0,0,0,0,0,0,0,0,0,0,0,3200.0,4100.0,Wagonwheel Lake,47.5161,-123.3276,93,13.0,https://www.wta.org/go-hiking/hikes/wagonwheel-lake,,Olympic Peninsula, Hood Canal,5.8,2.92
532,532,0,0,0,0,0,1,1,1,1,1,0,1,1,0,2400.0,3200.0,Copper Creek,47.5026,-123.3243,77,15.0,https://www.wta.org/go-hiking/hikes/copper-creek-2,None,Olympic Peninsula, Hood Canal,5.0,3.6
534,534,0,1,0,0,1,0,1,0,0,0,0,0,0,0,800.0,5757.0,Hurricane Ridge Snowshoe,47.9694,-123.4985,69,9.0,https://www.wta.org/go-hiking/hikes/hurricane-hill-snowshoe,National Park Pass,Olympic Peninsula, Northern Coast,6.0,3.44
541,541,0,1,1,0,0,1,1,0,0,1,0,0,0,1,4000.0,5120.0,High Divide - Seven Lakes Basin Loop,47.9506,-123.8152,172,15.0,https://www.wta.org/go-hiking/hikes/seven-lakes-basin,National Park Pass,Olympic Peninsula, Northern Coast,19.0,4.27
555,555,0,1,1,0,0,0,1,0,1,1,0,0,0,0,3568.0,4688.0,North Fork Skokomish River,47.5157,-123.3295,138,6.0,https://www.wta.org/go-hiking/hikes/north-fork-skokomish-river,National Park Pass,Olympic Peninsula, Hood Canal,30.4,3.5
556,556,0,1,0,0,1,0,0,0,0,1,0,0,1,1,500.0,650.0,West Elwha,48.0318,-123.5959,17,5.0,https://www.wta.org/go-hiking/hikes/west-elwha,National Park Pass,Olympic Peninsula, Pacific Coast,6.4,3.8
561,561,0,0,0,0,0,0,1,1,0,1,1,0,0,0,3500.0,4510.0,Pete's Creek - Colonel Bob Peak,47.4572,-123.7318,90,19.0,https://www.wta.org/go-hiking/hikes/colonel-bob,Northwest Forest Pass,Olympic Peninsula, Pacific Coast,8.2,4.58
563,563,0,0,0,0,0,0,0,0,0,1,0,0,1,1,35.0,58.0,Clear Creek Trail,47.6681,-122.6816,1,0.0,https://www.wta.org/go-hiking/hikes/clear-creek-trail,None,Olympic Peninsula, Kitsap Peninsula,2.8,0.0
565,565,0,0,0,0,0,0,0,1,0,1,0,0,0,0,800.0,1150.0,Capitol State Forest - Sherman Creek Loop,46.9194,-123.113,34,8.0,https://www.wta.org/go-hiking/hikes/sherman-creek,Discover Pass,Olympic Peninsula, Olympia,9.0,4.0
582,582,0,1,1,0,0,1,0,0,0,1,0,0,0,0,3050.0,3850.0,North Fork Skokomish River and Flapjack Lakes,47.5161,-123.3282,128,13.0,https://www.wta.org/go-hiking/hikes/flapjack-lakes,,Olympic Peninsula, Hood Canal,15.4,4.08
583,583,0,1,1,0,0,0,1,0,0,0,1,0,0,0,4983.0,5753.0,Dodger Point,47.9609,-123.5744,12,4.0,https://www.wta.org/go-hiking/hikes/dodger-point,National Park Pass,Olympic Peninsula, Northern Coast,27.0,3.25
584,584,0,1,0,0,1,0,0,0,0,0,1,0,0,1,1800.0,1825.0,Cascade Rock,48.0275,-123.5883,5,4.0,https://www.wta.org/go-hiking/hikes/cascade-rock,National Park Pass,Olympic Peninsula, Northern Coast,4.5,4.25
586,586,0,1,0,0,1,0,0,0,0,1,0,0,0,1,50.0,450.0,Glines Canyon Overlook Trail,48.0019,-123.6004,3,0.0,https://www.wta.org/go-hiking/hikes/glines-canyon-overlook-trail,National Park Pass,Olympic Peninsula, Northern Coast,2.0,0.0
587,587,0,1,0,0,0,0,1,0,1,1,0,0,1,0,5248.0,5650.0,Elwha To Hurricane Hill,48.0138,-123.5878,19,4.0,https://www.wta.org/go-hiking/hikes/elwha-to-hurricane-hill,National Park Pass,Olympic Peninsula, Northern Coast,11.6,3.0
588,588,0,1,1,0,0,1,0,1,0,1,0,0,0,1,1200.0,2500.0,Elwha River and Lillian River,47.9676,-123.5824,66,6.0,https://www.wta.org/go-hiking/hikes/elwha-river,National Park Pass,Olympic Peninsula, Northern Coast,13.5,4.17
589,589,0,1,0,0,1,0,1,1,0,1,0,0,0,1,500.0,800.0,Smokey Bottom (West Lake Mills),48.0019,-123.6044,12,4.0,https://www.wta.org/go-hiking/hikes/lake-mills,National Park Pass,Olympic Peninsula, Northern Coast,4.0,3.75
590,590,0,1,1,0,0,0,0,1,0,1,0,0,1,1,600.0,1300.0,Elwha River and Geyser Valley,47.9676,-123.5824,55,5.0,https://www.wta.org/go-hiking/hikes/geyser-valley,National Park Pass,Olympic Peninsula, Northern Coast,7.8,2.8
591,591,0,1,1,0,1,0,0,0,0,1,0,0,0,1,1200.0,2400.0,Lillian River,47.9683,-123.5829,4,4.0,https://www.wta.org/go-hiking/hikes/lillian-river,National Park Pass,Olympic Peninsula, Northern Coast,19.2,3.25
594,594,0,0,0,0,0,1,0,1,0,0,0,0,0,1,250.0,1400.0,Spider Lake,47.4155,-123.467,43,6.0,https://www.wta.org/go-hiking/hikes/spider-lake,,Olympic Peninsula, Olympia,2.0,3.0
619,619,0,0,1,0,0,1,1,0,1,0,0,0,1,0,2000.0,5200.0,Tubal Cain Mine to Buckhorn Lake,47.8862,-123.0916,192,12.0,https://www.wta.org/go-hiking/hikes/tubal-cain-mine-and-buckhorn-lake,None,Olympic Peninsula, Hood Canal,12.0,4.0
625,625,0,0,0,0,1,0,0,1,0,0,0,1,0,0,250.0,1050.0,Murhut Falls,47.6764,-123.0205,136,15.0,https://www.wta.org/go-hiking/hikes/murhut-falls,None,Olympic Peninsula, Hood Canal,1.6,3.67
627,627,0,0,0,0,1,0,0,0,0,1,0,1,1,1,30.0,150.0,Tumwater Falls Park,47.0141,-122.9045,19,4.0,https://www.wta.org/go-hiking/hikes/tumwater-falls-park,None,Olympic Peninsula, Olympia,0.5,4.75
628,628,0,1,0,0,0,0,1,0,0,0,1,0,0,0,2065.0,2600.0,Mount Storm King,48.0582,-123.7892,137,22.0,https://www.wta.org/go-hiking/hikes/mount-storm-king,None,Olympic Peninsula, Northern Coast,4.7,3.86
630,630,0,0,1,0,0,0,1,0,0,1,1,0,1,0,2900.0,5345.0,Valhalla Peak,47.7561,-123.0952,2,0.0,https://www.wta.org/go-hiking/hikes/valhalla-peak,None,Olympic Peninsula, Hood Canal,5.0,0.0
637,637,0,0,0,0,0,0,1,0,0,0,1,0,1,0,4100.0,4654.0,Lightning Peak,47.4912,-123.3488,1,0.0,https://www.wta.org/go-hiking/hikes/lightning-peak,None,Olympic Peninsula, Hood Canal,8.0,0.0
642,642,0,0,0,0,0,1,1,0,0,0,1,0,0,0,4755.0,3990.0,Cub Peak,,,1,0.0,https://www.wta.org/go-hiking/hikes/cub-peak,,Olympic Peninsula, Hood Canal,7.0,0.0
664,664,0,0,0,0,1,1,0,0,0,0,0,0,0,1,50.0,60.0,Capitol State Forest - McLane Creek,47.0008,-123.0042,42,14.0,https://www.wta.org/go-hiking/hikes/mclane-creek,Discover Pass,Olympic Peninsula, Olympia,1.5,3.86
685,685,0,1,1,0,0,0,1,1,0,1,0,1,1,0,2400.0,3600.0,West Fork Dosewallips River,47.7434,-123.2033,57,6.0,https://www.wta.org/go-hiking/hikes/west-fork-dosewallips-river,None,Olympic Peninsula, Hood Canal,15.8,4.33
704,704,1,0,0,0,1,0,0,0,0,0,0,0,0,0,360.0,360.0,Miller Peninsula-Thompson Spit,48.0769,-122.9379,36,9.0,https://www.wta.org/go-hiking/hikes/miller-peninsula-thompson-spit,,Olympic Peninsula, Northern Coast,5.0,3.0
712,712,0,0,0,0,0,0,1,0,0,0,1,0,1,0,2200.0,3160.0,Kloshe Nanitch,48.0685,-124.1083,27,6.0,https://www.wta.org/go-hiking/hikes/kloshe-nanitch,Northwest Forest Pass,Olympic Peninsula, Northern Coast,6.4,3.33
728,728,0,1,1,0,0,0,1,0,0,0,0,0,0,0,3940.0,5740.0,Heather Park,48.0391,-123.4319,47,12.0,https://www.wta.org/go-hiking/hikes/heather-park,None,Olympic Peninsula, Northern Coast,10.0,3.33
749,749,0,1,0,0,0,0,1,0,1,0,0,0,0,1,500.0,5200.0,Switchback,47.9866,-123.4609,22,5.0,https://www.wta.org/go-hiking/hikes/switchback,National Park Pass,Olympic Peninsula, Northern Coast,1.2,2.8
751,751,0,1,0,0,0,0,1,0,1,0,1,0,1,1,1700.0,6050.0,Klahhane Ridge,47.9871,-123.4609,116,14.0,https://www.wta.org/go-hiking/hikes/klahhane-ridge,National Park Pass,Olympic Peninsula, Northern Coast,5.0,4.57
752,752,0,1,1,0,1,0,0,1,0,1,0,0,1,0,500.0,1900.0,Heart O' the Forest,48.035,-123.4245,6,1.0,https://www.wta.org/go-hiking/hikes/heart-o-the-forest,National Park Pass,Olympic Peninsula, Northern Coast,4.8,2.0
762,762,0,0,0,0,0,0,0,0,0,0,0,0,0,0,4300.0,4800.0,Lake Constance,47.7296,-123.1417,59,14.0,https://www.wta.org/go-hiking/hikes/lake-constance,,Olympic Peninsula, Hood Canal,12.6,3.5
781,781,1,0,0,0,1,0,0,0,0,0,0,0,0,0,25.0,25.0,Kalaloch - Browns Point,47.6129,-124.3762,21,7.0,https://www.wta.org/go-hiking/hikes/kalaloch-browns-point,None,Olympic Peninsula, Pacific Coast,4.0,3.86
785,785,0,0,0,0,0,0,1,0,1,0,0,0,1,0,3350.0,3748.0,Mount Muller,48.076,-124.0131,48,14.0,https://www.wta.org/go-hiking/hikes/mount-muller,Northwest Forest Pass,Olympic Peninsula, Northern Coast,12.7,3.5
793,793,0,0,0,0,0,0,1,0,0,0,1,0,1,0,3950.0,5701.0,Mount Jupiter,47.6842,-122.9569,83,10.0,https://www.wta.org/go-hiking/hikes/mount-jupiter,,Olympic Peninsula, Hood Canal,14.0,3.2
796,796,0,0,0,0,0,0,0,0,0,0,0,0,0,0,1100.0,1400.0,Fletcher Canyon,47.5277,-123.7065,19,6.0,https://www.wta.org/go-hiking/hikes/fletcher-canyon,,Olympic Peninsula, Pacific Coast,3.8,3.17
812,812,1,0,0,0,1,0,0,1,0,1,0,0,0,1,400.0,425.0,Dosewallips State Park - Steam Donkey Trail,47.6876,-122.8999,71,9.0,https://www.wta.org/go-hiking/hikes/dosewallips-river-state-park,Discover Pass,Olympic Peninsula, Hood Canal,3.5,3.0
826,826,0,0,1,0,1,0,0,1,0,1,0,0,1,0,1100.0,2540.0,Slab Camp Creek and Gray Wolf River,47.9654,-123.1938,86,8.0,https://www.wta.org/go-hiking/hikes/upper-gray-wolf-river,None,Olympic Peninsula, Hood Canal,5.5,3.75
831,831,0,0,1,0,0,1,1,1,1,0,0,0,0,0,2450.0,4500.0,Tunnel Creek,47.7815,-123.0521,128,9.0,https://www.wta.org/go-hiking/hikes/tunnel-creek-1,None,Olympic Peninsula, Hood Canal,9.4,3.33
856,856,0,0,1,0,0,0,1,0,1,0,0,0,1,1,840.0,6625.0,Elk Mountain to Maiden Peak,47.9345,-123.3209,4,3.0,https://www.wta.org/go-hiking/hikes/elk-mtn-to-maiden-peak,National Park Pass,Olympic Peninsula, Pacific Coast,8.0,4.67
858,858,0,1,0,0,1,0,1,0,0,0,1,0,1,0,170.0,6007.0,Rain Shadow Loop,47.9546,-123.2594,9,4.0,https://www.wta.org/go-hiking/hikes/rain-shadow-loop,National Park Pass,Olympic Peninsula, Northern Coast,0.5,4.25
860,860,0,0,0,0,0,0,0,1,0,0,0,0,0,0,1910.0,3666.0,Elbo Creek,47.774,-122.9145,23,5.0,https://www.wta.org/go-hiking/hikes/elbo-creek,None,Olympic Peninsula, Hood Canal,10.0,3.0
908,908,0,0,0,0,0,1,0,0,0,0,0,0,0,0,2300.0,4100.0,Mildred Lakes,47.5753,-123.2612,87,15.0,https://www.wta.org/go-hiking/hikes/mildred-lakes,Northwest Forest Pass,Olympic Peninsula, Hood Canal,9.0,3.53
922,922,0,0,0,0,0,0,1,0,0,0,1,0,1,1,988.0,6988.0,Buckhorn Mountain,47.8268,-123.1166,71,4.0,https://www.wta.org/go-hiking/hikes/buckhorn-mountain,Northwest Forest Pass,Olympic Peninsula, Hood Canal,13.5,4.75
954,954,0,0,1,0,0,0,1,0,0,0,1,0,0,0,1900.0,1639.0,Green Mountain - Wildcat Trail,47.6003,-122.7881,36,2.0,https://www.wta.org/go-hiking/hikes/wildcat-trail,Discover Pass,Olympic Peninsula, Kitsap Peninsula,9.5,4.5
960,960,0,1,0,0,1,1,0,0,0,1,0,0,1,0,1450.0,3100.0,Mink Lake,47.9688,-123.8638,12,7.0,https://www.wta.org/go-hiking/hikes/mink-lake,National Park Pass,Olympic Peninsula, Northern Coast,5.2,3.14
968,968,0,1,1,0,0,0,1,0,1,0,1,0,1,1,3100.0,6625.0,Grand Ridge,47.9184,-123.3821,95,9.0,https://www.wta.org/go-hiking/hikes/grand-ridge,National Park Pass,Olympic Peninsula, Northern Coast,15.0,4.56
970,970,0,1,0,0,0,1,1,0,1,0,1,0,1,0,4070.0,6450.0,Grand Valley via Grand Pass Trail,47.9396,-123.4195,9,3.0,https://www.wta.org/go-hiking/hikes/grand-valley-via-grand-pass,National Park Pass,Olympic Peninsula, Northern Coast,12.0,4.33
971,971,0,0,1,0,0,0,1,1,1,1,0,0,1,0,3500.0,6000.0,Marmot Pass via Upper Dungeness River Trail,47.8779,-123.137,130,14.0,https://www.wta.org/go-hiking/hikes/dungeness-river,Northwest Forest Pass,Olympic Peninsula, Hood Canal,16.2,4.21
996,996,0,1,0,0,0,1,1,0,0,0,0,1,1,1,3400.0,4950.0,Lake of the Angels,47.5836,-123.2347,176,19.0,https://www.wta.org/go-hiking/hikes/lake-of-the-angels,None,Olympic Peninsula, Hood Canal,7.0,4.47
997,997,0,0,0,0,0,0,0,0,0,1,0,0,1,0,1300.0,1600.0,Dosewallips River Road,47.7391,-123.0729,96,10.0,https://www.wta.org/go-hiking/hikes/dosewallips-river,,Olympic Peninsula, Hood Canal,11.0,3.6
1012,1012,1,0,1,0,1,0,0,0,0,0,0,0,0,1,150.0,150.0,Fort Flagler State Park,48.0948,-122.7228,24,8.0,https://www.wta.org/go-hiking/hikes/fort-flagler,Discover Pass,Olympic Peninsula, Hood Canal,5.0,2.62
1020,1020,0,0,0,0,1,0,0,0,0,1,0,1,0,1,300.0,400.0,Fallsview Canyon (Falls View),47.7895,-122.9283,52,6.0,https://www.wta.org/go-hiking/hikes/fallsview-canyon-1,None,Olympic Peninsula, Hood Canal,1.5,3.33
1066,1066,0,0,0,0,0,0,0,1,0,1,0,0,0,0,3700.0,4125.0,Upper South Fork Skokomish River,47.4794,-123.4521,68,10.0,https://www.wta.org/go-hiking/hikes/upper-south-fork-skokomish-river,,Olympic Peninsula, Olympia,16.4,3.5
1074,1074,0,0,1,0,0,1,1,1,0,1,1,0,0,0,3200.0,6280.0,Mount Townsend - Silver Lakes Traverse,47.8576,-123.0946,17,2.0,https://www.wta.org/go-hiking/hikes/mount-townsend-backdoor,None,Olympic Peninsula, Hood Canal,14.0,4.0
1097,1097,0,1,0,0,1,0,1,0,1,0,1,0,1,1,650.0,5757.0,Hurricane Hill,47.9766,-123.5178,153,17.0,https://www.wta.org/go-hiking/hikes/hurricane-hill,National Park Pass,Olympic Peninsula, Northern Coast,3.2,4.12
1101,1101,0,0,0,0,1,0,0,0,0,1,0,0,1,0,800.0,1100.0,Peabody Creek Trail,48.0993,-123.426,18,2.0,https://www.wta.org/go-hiking/hikes/peabody-creek-trail,National Park Pass,Olympic Peninsula, Northern Coast,5.6,4.5
1104,1104,0,1,1,0,1,0,0,1,0,1,0,1,1,0,200.0,1951.0,Sol Duc Falls,47.97,-123.8627,72,15.0,https://www.wta.org/go-hiking/hikes/sol-duc-falls,National Park Pass,Olympic Peninsula, Northern Coast,1.6,3.93
1106,1106,0,0,1,0,0,0,0,1,0,1,0,0,0,0,1600.0,4600.0,Tubal Cain Mine,47.962,-123.1124,71,6.0,https://www.wta.org/go-hiking/hikes/tull-canyon,None,Olympic Peninsula, Hood Canal,7.2,3.0
1108,1108,0,1,0,0,1,0,1,0,1,0,0,0,0,0,200.0,6100.0,Lillian Ridge,47.918,-123.3821,26,6.0,https://www.wta.org/go-hiking/hikes/lillian-ridge,National Park Pass,Olympic Peninsula, Northern Coast,4.0,4.0
1109,1109,0,0,0,0,0,0,1,1,1,0,1,0,1,0,3300.0,6100.0,Welch Peaks,47.8592,-123.012,8,2.0,https://www.wta.org/go-hiking/hikes/welch-peaks,None,Olympic Peninsula, Hood Canal,9.0,5.0
1117,1117,0,0,1,0,0,0,1,0,1,0,1,0,1,1,900.0,6200.0,Deer Park to Maiden Peak,47.9497,-123.2648,17,2.0,https://www.wta.org/go-hiking/hikes/deer-park-to-maiden-peak,National Park Pass,Olympic Peninsula, Northern Coast,9.0,4.0
1118,1118,0,0,0,0,0,0,0,0,0,0,0,0,0,0,2800.0,5350.0,Deer Ridge,47.9652,-123.1936,60,10.0,https://www.wta.org/go-hiking/hikes/deer-ridge,,Olympic Peninsula, Hood Canal,9.8,2.4
1150,1150,0,0,0,0,1,0,1,0,0,1,0,0,0,0,1832.0,3832.0,Jefferson Ridge,47.5712,-123.1315,38,5.0,https://www.wta.org/go-hiking/hikes/jefferson-ridge,None,Olympic Peninsula, Hood Canal,4.8,3.4
1155,1155,0,0,0,0,1,0,0,0,0,0,0,0,0,1,50.0,430.0,Banner Forest,47.4893,-122.5457,7,1.0,https://www.wta.org/go-hiking/hikes/banner-forest,None,Olympic Peninsula, Kitsap Peninsula,4.0,3.0
1157,1157,0,0,0,0,1,1,0,0,0,0,0,0,0,1,100.0,180.0,Hansville Greenway,47.908,-122.5562,12,4.0,https://www.wta.org/go-hiking/hikes/hansville-greenway,None,Olympic Peninsula, Kitsap Peninsula,2.6,3.75
1160,1160,0,0,0,0,0,0,1,1,0,0,1,0,0,1,1000.0,1500.0,Capitol State Forest - Rock Candy Mountain,47.0058,-123.1117,20,1.0,https://www.wta.org/go-hiking/hikes/rock-candy-mountain,Discover Pass,Olympic Peninsula, Olympia,5.5,3.0
1169,1169,0,0,0,0,1,1,0,1,0,0,0,0,1,1,400.0,1200.0,Elk Lakes,47.5793,-123.1204,30,5.0,https://www.wta.org/go-hiking/hikes/elk-lake,Northwest Forest Pass,Olympic Peninsula, Hood Canal,4.9,2.4
1185,1185,1,1,0,0,1,0,0,1,0,0,0,1,0,1,280.0,280.0,Third Beach,47.8906,-124.599,77,13.0,https://www.wta.org/go-hiking/hikes/third-beach,,Olympic Peninsula, Pacific Coast,3.6,3.92
1210,1210,0,0,1,0,1,0,1,1,1,0,0,0,0,1,375.0,400.0,Twanoh State Park,47.3774,-122.9738,42,10.0,https://www.wta.org/go-hiking/hikes/twanoh-state-park,Discover Pass,Olympic Peninsula, Hood Canal,2.3,3.7
1212,1212,0,1,0,0,1,0,1,0,0,0,0,0,1,0,10.0,225.0,Mima Mounds,46.9051,-123.048,72,12.0,https://www.wta.org/go-hiking/hikes/mima-mounds,Discover Pass,Olympic Peninsula, Olympia,2.75,2.67
1216,1216,1,0,0,0,1,0,0,0,0,0,0,0,0,1,15.0,30.0,Westport State Park - Westport Light Trail,46.8901,-124.1041,9,0.0,https://www.wta.org/go-hiking/hikes/westport-light-trail,Discover Pass,Olympic Peninsula, Pacific Coast,2.0,0.0
1218,1218,0,0,0,0,0,0,0,0,0,0,0,0,0,0,2850.0,3175.0,Three Lakes,47.5676,-123.6553,19,6.0,https://www.wta.org/go-hiking/hikes/three-lakes-1,,Olympic Peninsula, Pacific Coast,14.0,2.83
1219,1219,0,0,0,0,0,0,0,0,0,0,0,0,0,0,30.0,260.0,Kestner Homestead,47.5052,-123.8213,5,1.0,https://www.wta.org/go-hiking/hikes/kestner-homestead,,Olympic Peninsula, Pacific Coast,1.5,3.0
1220,1220,0,0,0,0,1,0,0,0,0,0,0,0,0,0,500.0,450.0,Quinault National Recreation Trails,47.4599,-123.8621,26,7.0,https://www.wta.org/go-hiking/hikes/quinault-rain-forest-loop,Northwest Forest Pass,Olympic Peninsula, Pacific Coast,3.9,2.43
1221,1221,0,0,0,0,0,0,1,0,1,0,1,0,1,0,4475.0,6797.0,Baldy,47.8779,-123.1369,18,5.0,https://www.wta.org/go-hiking/hikes/baldy,,Olympic Peninsula, Hood Canal,10.4,3.4
1223,1223,0,0,0,0,0,0,1,0,0,0,1,0,0,0,2240.0,4273.0,Deadfall,47.8926,-122.9848,22,6.0,https://www.wta.org/go-hiking/hikes/deadfall,None,Olympic Peninsula, Hood Canal,7.6,2.67
1232,1232,1,0,1,0,1,0,0,1,0,1,0,0,1,1,20.0,25.0,Kalaloch Creek Nature Trail,47.6093,-124.3725,2,0.0,https://www.wta.org/go-hiking/hikes/kalaloch-nature-creek-trail,None,Olympic Peninsula, Pacific Coast,0.8,0.0
1236,1236,0,0,1,0,0,0,1,1,0,1,0,0,1,0,1800.0,4200.0,Heather Creek Trail via Upper Dungeness River,47.8948,-123.1201,36,3.0,https://www.wta.org/go-hiking/hikes/heather-creek-trail,Northwest Forest Pass,Olympic Peninsula, Hood Canal,15.8,3.33
1245,1245,0,0,0,0,0,0,1,1,1,1,0,0,0,0,4550.0,5050.0,Tunnel Creek - Dosewallips Trailhead,47.7389,-123.0736,36,4.0,https://www.wta.org/go-hiking/hikes/tunnel-creek-dosewallips-trailhead,None,Olympic Peninsula, Hood Canal,6.4,4.5
1298,1298,0,0,0,0,1,0,0,0,0,1,0,0,0,0,60.0,50.0,Quillayute River Slough,47.9181,-124.6027,4,4.0,https://www.wta.org/go-hiking/hikes/quillayute-river,None,Olympic Peninsula, Pacific Coast,1.8,2.5
1312,1312,1,0,0,0,1,0,1,0,0,0,0,0,0,1,70.0,50.0,Indian Island County Park,48.0319,-122.7291,15,6.0,https://www.wta.org/go-hiking/hikes/south-indian-island,None,Olympic Peninsula, Hood Canal,3.0,3.17
1317,1317,1,1,1,0,1,0,0,0,0,1,0,0,0,1,100.0,350.0,Cape Alava,48.1537,-124.6687,52,9.0,https://www.wta.org/go-hiking/hikes/cape-alava,National Park Pass,Olympic Peninsula, Pacific Coast,6.2,3.22
1322,1322,0,1,0,0,0,0,0,1,0,1,0,0,0,1,1500.0,1880.0,Graves Creek,47.5728,-123.5699,25,5.0,https://www.wta.org/go-hiking/hikes/graves-creek,None,Olympic Peninsula, Pacific Coast,7.4,2.0
1325,1325,0,1,0,0,0,0,1,0,0,1,0,0,0,1,3800.0,5100.0,Wolf Creek,47.9704,-123.5036,11,4.0,https://www.wta.org/go-hiking/hikes/wolf-creek-1,National Park Pass,Olympic Peninsula, Northern Coast,16.2,3.0
1327,1327,1,0,1,0,1,0,0,1,0,0,0,0,0,0,850.0,1166.0,Striped Peak,48.1622,-123.6986,19,10.0,https://www.wta.org/go-hiking/hikes/striped-peak,None,Olympic Peninsula, Northern Coast,5.0,3.3
1375,1375,0,1,0,0,0,1,0,0,0,0,0,0,1,1,825.0,5020.0,PJ Lake,47.9458,-123.4255,10,6.0,https://www.wta.org/go-hiking/hikes/pj-lake,National Park Pass,Olympic Peninsula, Northern Coast,1.8,2.5
1376,1376,0,1,1,0,1,0,0,0,0,0,0,0,0,0,1300.0,2400.0,North Fork Sol Duc River,48.0108,-123.911,9,7.0,https://www.wta.org/go-hiking/hikes/north-fork-sol-duc-river,National Park Pass,Olympic Peninsula, Northern Coast,12.4,3.0
1377,1377,0,0,0,0,0,0,1,0,0,0,1,0,1,0,900.0,3469.0,Ned Hill,47.968,-123.1877,14,5.0,https://www.wta.org/go-hiking/hikes/ned-hill,,Olympic Peninsula, Hood Canal,2.2,1.8
1378,1378,0,1,0,0,0,0,0,0,0,0,0,0,0,0,3675.0,5474.0,Bogachiel Peak,47.9552,-123.835,35,6.0,https://www.wta.org/go-hiking/hikes/bogachiel-peak,National Park Pass,Olympic Peninsula, Northern Coast,16.2,2.5
1379,1379,0,1,0,0,0,0,0,0,0,0,0,0,0,0,600.0,900.0,North Fork Quinault River and Halfway House,47.5757,-123.6482,63,7.0,https://www.wta.org/go-hiking/hikes/north-fork-quinault-river-halfway-house,,Olympic Peninsula, Pacific Coast,10.2,3.0
1386,1386,0,0,0,0,1,0,0,0,0,0,0,0,0,0,800.0,1600.0,Dry Creek,47.5015,-123.3206,60,5.0,https://www.wta.org/go-hiking/hikes/dry-creek,Northwest Forest Pass,Olympic Peninsula, Hood Canal,6.0,2.6
1396,1396,0,1,1,0,0,1,1,1,0,1,0,1,1,0,2650.0,5700.0,Royal Basin - Royal Lake,47.8779,-123.137,179,22.0,https://www.wta.org/go-hiking/hikes/royal-basin,Northwest Forest Pass,Olympic Peninsula, Hood Canal,16.0,3.86
1397,1397,0,1,1,0,0,0,0,1,1,1,0,0,0,0,3400.0,3200.0,Snider-Jackson Traverse,47.9377,-124.1654,12,5.0,https://www.wta.org/go-hiking/hikes/rugged-ridge,None,Olympic Peninsula, Pacific Coast,39.0,2.6
1398,1398,0,1,1,0,1,0,1,1,0,1,0,0,1,1,50.0,300.0,Queets Campground Loop,47.6164,-124.0321,8,5.0,https://www.wta.org/go-hiking/hikes/sams-river,National Park Pass,Olympic Peninsula, Pacific Coast,2.8,3.6
1402,1402,0,1,0,0,1,0,0,1,0,0,0,0,0,0,200.0,400.0,Big Tree Trail,47.587,-122.7345,11,1.0,https://www.wta.org/go-hiking/hikes/big-tree-trail-1,None,Olympic Peninsula, Kitsap Peninsula,1.5,3.0
1450,1450,1,0,0,0,1,0,1,0,0,0,0,0,0,1,20.0,20.0,Foulweather Bluff Preserve Trail,47.9255,-122.6008,9,1.0,https://www.wta.org/go-hiking/hikes/foulweather-bluff-preserve-trail,None,Olympic Peninsula, Kitsap Peninsula,1.0,4.0
1477,1477,1,0,0,0,1,0,1,0,0,0,0,0,0,1,250.0,250.0,Anderson Point,47.4385,-122.5397,9,0.0,https://www.wta.org/go-hiking/hikes/anderson-point,None,Olympic Peninsula, Kitsap Peninsula,1.4,0.0
1486,1486,0,1,0,0,0,1,0,0,1,0,1,0,0,0,3000.0,5330.0,Home Lake,47.828,-123.0413,20,5.0,https://www.wta.org/go-hiking/hikes/home-lake,Northwest Forest Pass,Olympic Peninsula, Hood Canal,19.4,4.0
1500,1500,0,0,0,0,0,0,0,0,0,0,0,0,0,0,1300.0,4274.0,Mount Zion,47.9228,-123.0261,155,16.0,https://www.wta.org/go-hiking/hikes/mount-zion,Northwest Forest Pass,Olympic Peninsula, Hood Canal,4.6,3.25
1561,1561,0,1,1,0,1,0,1,1,0,1,0,0,0,1,150.0,850.0,South Fork Hoh River - Big Flat,47.7993,-123.9545,27,8.0,https://www.wta.org/go-hiking/hikes/south-fork-hoh-river,Discover Pass,Olympic Peninsula, Pacific Coast,7.0,2.62
1571,1571,0,0,1,0,0,1,1,0,1,0,0,0,0,0,3400.0,5700.0,Silver Lakes,47.8564,-123.0359,80,9.0,https://www.wta.org/go-hiking/hikes/silver-lake-2,None,Olympic Peninsula, Hood Canal,11.0,4.22
1594,1594,0,1,0,0,1,0,0,1,0,1,0,0,0,1,900.0,1200.0,Quinault River-Pony Bridge-Enchanted Valley,47.5728,-123.5698,86,9.0,https://www.wta.org/go-hiking/hikes/quinault-river,National Park Pass,Olympic Peninsula, Pacific Coast,5.0,3.67
1747,1747,1,1,1,0,0,1,0,1,0,1,0,0,0,1,200.0,200.0,North Coast Route,48.2588,-124.6828,35,5.0,https://www.wta.org/go-hiking/hikes/north-coast-beach-travelway,National Park Pass,Olympic Peninsula, Pacific Coast,20.0,3.8
1771,1771,0,0,0,0,0,0,1,0,0,1,0,0,0,0,908.0,1950.0,Capitol State Forest - Mount Molly,46.94600000000001,-123.0985,7,1.0,https://www.wta.org/go-hiking/hikes/mount-molly,Discover Pass,Olympic Peninsula, Olympia,3.0,3.0
1775,1775,1,0,0,0,0,0,1,0,1,0,1,0,1,0,1254.0,6454.0,Mount Angeles,47.9838,-123.4525,32,6.0,https://www.wta.org/go-hiking/hikes/mount-angeles,National Park Pass,Olympic Peninsula, Northern Coast,6.25,3.5
1809,1809,0,0,0,0,1,0,0,1,0,1,0,0,0,0,1000.0,1500.0,Lower Pete's Creek,47.457,-123.7326,4,4.0,https://www.wta.org/go-hiking/hikes/lower-petes-creek,Northwest Forest Pass,Olympic Peninsula, Pacific Coast,2.0,2.5
1815,1815,0,0,0,0,0,0,1,0,1,0,1,0,1,1,2180.0,6200.0,Little Quilcene River,47.8866,-123.0419,79,6.0,https://www.wta.org/go-hiking/hikes/little-quilcene-river,None,Olympic Peninsula, Hood Canal,6.8,3.33
1822,1822,0,1,1,0,0,1,1,1,1,1,0,1,1,1,2500.0,4130.0,Mink Lake to Little Divide,47.9693,-123.8641,9,7.0,https://www.wta.org/go-hiking/hikes/little-divide,National Park Pass,Olympic Peninsula, Northern Coast,15.6,3.0
1841,1841,0,0,0,0,1,0,0,1,0,0,0,0,0,1,200.0,400.0,McCormick Forest Park,47.3512,-122.6213,9,1.0,https://www.wta.org/go-hiking/hikes/mccormick-forest-park,None,Olympic Peninsula, Kitsap Peninsula,3.0,2.0
1938,1938,0,0,0,0,0,0,0,0,0,0,0,0,0,0,210.0,530.0,Illahee Forest Preserve,47.5976,-122.598,9,2.0,https://www.wta.org/go-hiking/hikes/illahee-preserve,None,Olympic Peninsula, Kitsap Peninsula,2.7,3.0
1954,1954,0,0,0,0,1,0,1,0,0,0,1,0,1,1,1087.0,1687.0,Gold Mountain,47.5521,-122.8276,33,7.0,https://www.wta.org/go-hiking/hikes/gold-mountain,Discover Pass,Olympic Peninsula, Kitsap Peninsula,4.0,4.29
1976,1976,0,1,0,0,0,0,1,0,1,0,0,0,1,1,4000.0,5050.0,Gladys Divide,47.5182,-123.3324,25,5.0,https://www.wta.org/go-hiking/hikes/gladys-divide-primitive,National Park Pass,Olympic Peninsula, Hood Canal,20.0,2.8
2009,2009,0,0,0,0,0,0,1,0,1,0,1,0,1,0,3000.0,6280.0,Dirty Face Ridge,47.872,-123.0889,19,4.0,https://www.wta.org/go-hiking/hikes/dirty-face-ridge,None,Olympic Peninsula, Hood Canal,7.5,3.75
2039,2039,0,0,0,0,0,1,0,1,1,1,0,1,1,0,2300.0,3200.0,Church Creek,47.424,-123.5196,32,5.0,https://www.wta.org/go-hiking/hikes/church-creek,None,Olympic Peninsula, Olympia,6.4,3.0
2089,2089,0,0,0,0,0,0,0,1,0,0,0,0,0,0,3670.0,4200.0,Aurora Creek,48.0536,-123.9893,4,4.0,https://www.wta.org/go-hiking/hikes/aurora-creek,Northwest Forest Pass,Olympic Peninsula, Northern Coast,6.8,3.0
2095,2095,0,0,0,0,1,1,0,1,0,0,0,0,1,1,80.0,320.0,Anderson Lake State Park,48.0179,-122.8039,7,1.0,https://www.wta.org/go-hiking/hikes/anderson-lake-state-park,Discover Pass,Olympic Peninsula, Hood Canal,8.0,2.0
2299,2299,0,1,0,0,0,1,0,0,1,0,0,0,0,0,3150.0,3820.0,Wynoochee Pass to Sundown Lake,47.5163,-123.5393,11,0.0,https://www.wta.org/go-hiking/hikes/sundown-lake-way-trail,None,Olympic Peninsula, Olympia,12.0,0.0
2624,2624,1,0,0,0,1,0,0,0,0,0,0,0,0,0,80.0,80.0,Ruby Beach,47.7099,-124.4136,47,15.0,https://www.wta.org/go-hiking/hikes/ruby-beach,,Olympic Peninsula, Pacific Coast,6.0,3.47
2637,2637,0,0,0,0,0,1,1,1,0,0,1,0,0,0,2400.0,3089.0,Pyramid Mountain / Pyramid Peak,48.0659,-123.8591,56,9.0,https://www.wta.org/go-hiking/hikes/pyramid-mountain-1,,Olympic Peninsula, Northern Coast,7.0,3.89
2645,2645,0,0,0,0,1,0,0,1,0,1,0,0,0,0,200.0,320.0,Ranger Hole - Interrorem Nature Trail,47.6807,-122.9923,49,8.0,https://www.wta.org/go-hiking/hikes/ranger-hole,Northwest Forest Pass,Olympic Peninsula, Hood Canal,2.1,4.38
2652,2652,0,0,0,0,0,0,0,0,0,0,0,0,0,0,200.0,425.0,Queets River,47.6245,-124.0143,20,10.0,https://www.wta.org/go-hiking/hikes/queets-river,,Olympic Peninsula, Pacific Coast,10.0,3.8
2688,2688,0,0,0,0,0,0,1,1,0,0,0,0,0,0,140.0,140.0,Penrose Point State Park,47.2583,-122.7456,12,7.0,https://www.wta.org/go-hiking/hikes/penrose-point-state-park,Discover Pass,Olympic Peninsula, Kitsap Peninsula,2.0,3.71
2758,2758,0,0,0,0,0,0,1,0,0,0,1,0,0,0,2500.0,5500.0,Mount Townsend Snowshoe,47.8559,-123.036,16,2.0,https://www.wta.org/go-hiking/hikes/mount-townsend-snowshoe,None,Olympic Peninsula, Hood Canal,13.5,1.0
2772,2772,0,0,0,0,0,0,1,0,0,0,0,0,0,0,600.0,5900.0,Mount Angeles Snowshoe,,,2,2.0,https://www.wta.org/go-hiking/hikes/mount-angeles-snowshoe,,Olympic Peninsula, Northern Coast,6.0,3.0
2849,2849,0,0,0,0,0,0,0,1,0,0,0,0,0,0,2000.0,2800.0,Lena Lake - Valley of Silent Men Snowshoe,47.6009,-123.1456,11,4.0,https://www.wta.org/go-hiking/hikes/lena-lake-valley-of-silent-men-snowshoe,,Olympic Peninsula,,10.0,2.75
2899,2899,0,0,0,0,0,0,1,0,0,0,0,0,0,0,1500.0,6080.0,Klahhane Ridge Snowshoe,47.9838,-123.4524,2,2.0,https://www.wta.org/go-hiking/hikes/klahhane-ridge-snowshoe,,Olympic Peninsula, Northern Coast,4.0,2.0
2954,2954,1,0,0,0,1,0,0,1,0,1,0,0,0,0,200.0,175.0,Harstine Island State Park,47.2303,-122.8836,9,6.0,https://www.wta.org/go-hiking/hikes/harstine-island-state-park,Discover Pass,Olympic Peninsula, Kitsap Peninsula,1.5,3.5
2995,2995,0,1,1,0,0,0,0,1,0,0,0,0,1,1,2400.0,6450.0,Grand Valley,47.9458,-123.4255,57,18.0,https://www.wta.org/go-hiking/hikes/grand-valley,,Olympic Peninsula, Northern Coast,9.8,4.22
3015,3015,0,0,0,0,1,1,0,1,0,0,0,0,0,1,160.0,480.0,Gibbs Lake,47.9704,-122.8108,12,4.0,https://www.wta.org/go-hiking/hikes/gibbs-lake,,Olympic Peninsula, Hood Canal,2.5,3.75
3081,3081,0,0,0,0,0,0,1,0,0,0,0,0,0,0,2500.0,5500.0,Eagle Point Snowshoe,,,1,2.0,https://www.wta.org/go-hiking/hikes/eagle-point-snowshoe,,Olympic Peninsula, Hood Canal,9.0,3.0
3163,3163,0,0,0,0,0,0,1,0,1,0,0,0,0,0,3668.0,5850.0,Constance Pass,47.7418,-123.053,29,5.0,https://www.wta.org/go-hiking/hikes/constance-pass,Backcountry camping permit. Register in person at ranger station (no fee),Olympic Peninsula, Hood Canal,7.8,4.4
3207,3207,0,0,0,0,0,0,1,0,0,0,1,0,0,0,1300.0,2659.0,Capitol State Forest - Capitol Peak,46.9485,-123.194,24,7.0,https://www.wta.org/go-hiking/hikes/capitol-peak,Discover Pass,Olympic Peninsula, Olympia,9.0,3.29
3251,3251,0,0,0,0,0,0,0,1,0,0,0,0,0,1,2500.0,6000.0,Blue Mountain - Deer Park Snowshoe,,,4,2.0,https://www.wta.org/go-hiking/hikes/blue-mountain-deer-park-snowshoe,,Olympic Peninsula,,14.0,3.5
3278,3278,0,0,1,0,0,0,0,1,0,1,0,0,0,0,400.0,500.0,Bogachiel River,47.8822,-124.275,41,10.0,https://www.wta.org/go-hiking/hikes/bogachiel-river,,Olympic Peninsula, Pacific Coast,12.0,3.1
3351,3351,0,0,0,0,0,0,1,1,1,0,0,0,0,1,700.0,1000.0,West Fork Humptulips River,47.4572,-123.7318,10,5.0,https://www.wta.org/go-hiking/hikes/west-fork-humptulips-river,Northwest Forest Pass,Olympic Peninsula, Olympia,10.0,2.0
3458,3458,0,0,0,0,0,0,0,0,0,0,0,0,0,0,4000.0,5650.0,Sunnybrook Meadows,47.7365,-123.1688,6,5.0,https://www.wta.org/go-hiking/hikes/sunnybrook-meadows,,Olympic Peninsula, Hood Canal,12.0,3.0
3473,3473,0,1,0,0,1,0,0,1,0,1,0,0,0,0,150.0,950.0,Staircase Rapids,47.5158,-123.33,207,21.0,https://www.wta.org/go-hiking/hikes/staircase,National Park Pass,Olympic Peninsula, Hood Canal,4.0,3.86
